{"RC": [[0.31069935205367144, 0.3319446666839134, 0.261561740278289, 0.22668656650288216, 0.3501441779748645, 0.15986929453971582, 0.19858985030041787, 0.12305339609879713, 0.2127310658014178, 0.22705110288888325, 0.12726100115853192, 0.17963914068221187, 0.19388258471774886, 0.23715479223413052, 0.23793832658261443, 0.1608094815516285, 0.14033221713025865, 0.19328904726851126, 0.11434562054412913, 0.040539610343827255, 0.08174639841767113, 0.10863538681445081, 0.15242954005516746, 0.10639981682768117, -0.004148468309509437, 0.10977649121682863, 0.09943678051916936, 0.02121150944086207, -0.006495724974976493, 0.01584665389567716, 0.011481169225696423, 0.009124705516774745, 0.006559802033200688, -0.0061434366630804035, -0.0054783079228247905, 0.02224107007033647, 0.028759695500870867], [-0.1179159594137933, 0.059229510464368904, -0.03895608024110292, -0.35125973164315727, -0.3835510871948273, -0.11525436766904022, -0.2913739117455715, -0.08672338784081457, -0.0735671055286269, 0.05281290190504751, -0.02765173930267932, 0.0302128227894498, 0.17014385688474207, 0.3142429792800126, -0.017962997886654113, 0.2702730230709017, 0.258161955754853, 0.029102637000032502, 0.11241497896926864, 0.008691676833903275, 0.06168624327902972, 0.14964297213900402, 0.11877627304591198, 0.17460472868236096, -0.0177640125882106, 0.20722690530259028, 0.40778367689663014, 0.016363013096268607, 0.0020040840951880395, 0.021300615407093527, 0.10663948737105505, 0.006811340167752953, -0.015647065997634223, 0.0015119138833486496, 0.04010925301206065, 0.08295171002312025, 0.1117973580660598], [0.3386114972240907, 0.048460773270615605, -0.001341834910749351, -0.6334252961746947, 0.16884788131061332, -0.03058448173569902, 0.2846783206453424, -0.2344304429719949, -0.1635223117196078, 0.40797676195187516, -0.010052683829738715, -0.12785894116633456, -0.03231225871932919, -0.016329127255067966, -0.02229381022077831, 0.0017885842251770395, -0.10743237702587441, -0.020331362597880792, -0.14168266984850436, -0.020061978955041478, -0.033758215865929364, -0.19633840952020026, -0.040407482751161745, -0.05146225534187386, 0.0307144413682489, -0.10160975666967118, 0.08395952636317541, -0.06318942155321812, 0.0388523640650687, -0.040559628488983326, -0.014403070180392566, 0.009089498062049568, -0.04360290627017032, -0.01756995230392127, -0.0029060676471009458, -0.022290149268851363, -0.002136914670727179]], "HB": [[0.47540681301537974, 0.3017140505976426, 0.17449471057853594, 0.3384823522561925, 0.4499573195066855, 0.19240715561859423, 0.28089970162214606, 0.16643201519780162, 0.18374682750171165, 0.21042480878584954, 0.21842763595328, 0.09033552179746936, 0.129796059883919, 0.15035367808001734, 0.07932814666537105, 0.06006931823732956, 0.0926540182623254], [-0.6672890924696516, 0.1417988186648071, 0.17110718028755834, 0.273852172500223, -0.29569016580642266, 0.2682729547629943, 0.25011328157543866, 0.27015736996731, 0.2760156307323909, 0.04628574577185493, 0.04937874861170823, -0.0513146657645043, 0.12801633855630118, 0.11543168091005915, 0.05923228709319965, 0.12416208842767944, 0.058010116772182714], [0.33153260720548006, -0.38801616748127266, -0.35679048353415416, 0.013276756012688497, -0.28694201111008116, -0.020597263276365484, 0.43762858894344375, 0.34005432606134733, 0.11167393750367273, -0.21208860539328453, -0.30471933365307174, 0.08651690476951542, 0.20235897961139482, 0.063444295383821, 0.03872993281851976, 0.07788019045029265, 0.10865915625918038]], "LN": [[0.43708670710221825, 0.28042629317730156, 0.28592115301262205, 0.38640271692318345, 0.3693685050933421, 0.2567184085925442, 0.27746025687983195, 0.28652321846111195, 0.254169527692305, 0.1885219142201877, 0.022547927961925292, 0.13757635020512457, 0.08193666866840942, 0.040167557825311964, 0.07552025203568158, 0.03285901788598591, 0.0387044573319401, 0.00866267308917562, 0.039745232332490735], [-0.7332714101670103, -0.14101144026464615, 0.1460930157808339, 0.22640959410245934, -0.07842571875081414, -0.023488863760031477, 0.20510625972067056, 0.11492331893324956, 0.20947511296764199, 0.2993169634775693, 0.16043659184816567, 0.18659844359431407, 0.09727519496618413, 0.12980307330762933, 0.07120545167310602, 0.11591150425163495, 0.17979372743677857, 0.006428156688694703, 0.1913965129552665], [0.23668019208749055, 0.018007889246509447, -0.45460223691234586, -0.5576760711746797, -0.05944349453622052, -0.0135190661618405, 0.16776547190732408, 0.06576153540613054, 0.245775363932281, 0.21531915817860126, 0.10091873243660901, 0.3396969793820036, 0.06514046024450028, 0.09975542945862229, 0.1930302650336132, 0.1312472364569885, 0.20611637504641703, 0.028117701519925268, 0.21331730501385432]], "Q": [[-0.5440200125690128, -0.49387828153432445, -0.5342774034063846, -0.41794033684539883], [-0.4984929867162803, 0.7747818662218802, -0.3465745556665398, 0.17636291938206183], [-0.6485748408535351, -0.06931144487927143, 0.7568571049812858, -0.041399541783769395]], "RO32": [[0.3733759609226402, 0.419595058378209, 0.5574037648087042, 0.2282799599997433, 0.305527750459068, 0.17723861243779512, 0.16252024006029234, 0.1406184544896079, 0.2379116641750994, 0.3068723048223173], [0.10931974294300363, -0.7039226874306818, -0.04247173403626964, -0.07724676330571809, -0.08090451462391417, 0.286413352671725, 0.07536688598484811, 0.18330976288111422, 0.38495547215428727, 0.4568584375960263], [-0.012363474800020369, -0.5053777530626482, 0.424735089477924, 0.08297185698776663, 0.511425671012215, -0.04488319808499244, -0.029373276543413582, -0.012973203140922492, -0.06738820962901586, -0.5366686718098357]], "RO16": [[-0.3454581747887606, -0.35469319348328554, -0.36465539143530257, -0.22519369355318647, -0.2551340310111613, -0.3502862015105289, -0.2926422876606266, -0.33352428907784915, -0.24220246770931392, -0.35753579094126586], [-0.18091865909877125, 0.19300186305171976, 0.8638008637641746, -0.07907255286501148, -0.11398555655570722, -0.2130012168632115, -0.23071379592817823, -0.07995806551176926, -0.14890864003435278, -0.1935359458983406], [0.46951067219458287, 0.5690491009569109, -0.20720972522128817, -0.08778473958707635, 0.3277750046807185, -0.1196147736397776, -0.11795277319652275, -0.21781938935868536, -0.2464068351748386, -0.4015995510359886]], "QF": [[-0.23188560994626178, -0.4101370957716416, -0.26187350576148993, -0.3267739875165919, -0.2834552874723118, -0.32264449998754224, -0.22098984115420742, -0.2639750332817155, -0.25404497524149205, -0.2787022960566998, -0.2865387635258809, -0.2745426577077105], [-0.23025593065334635, -0.4123849102523972, 0.629608857246366, -0.2849116506493261, -0.31764686381433593, 0.1763686856800815, 0.14653768614657797, -0.1473184190935859, 0.1404982037888026, 0.16530876176891518, 0.16547754872066558, 0.22295274350230426], [0.12095678132844398, 0.12998586920609248, 0.46318524373942743, 0.09063861358639905, 0.014051385982627753, 0.3834915049028131, 0.1530053434744526, 0.0626480354509191, -0.273208266043745, -0.3974004704663935, -0.45064405468974633, -0.3680606753234774]], "SF": [[-0.2530828269907887, -0.12398048298341768, -0.4671821173684759, -0.399630660286919, -0.35796638971353134, -0.2697325138696401, -0.289650630517326, -0.21300826379459165, -0.16002444168617733, -0.20125924069349738, -0.3737620710998238, -0.08147001896480444], [0.6240499212450236, -0.41783122518107796, -0.5363376437308998, 0.1738849642056275, 0.21035719736760417, 0.08315821491220865, -0.16554142460205717, 0.15185204921110318, -0.008868929919158566, -0.08998836287649672, 0.049653893723178105, -0.07625086468066619], [-0.04410272902434774, 0.0138507517999669, 0.05370215634888214, 0.2003070125664013, 0.26062031177858275, 0.5226441084312887, -0.039106695536698655, -0.5858929872372151, -0.4280255331692718, -0.13823743946341943, -0.2403531780629318, -0.09429449108586174]],